login,url
jchen042,https://github.com/jchen042
Neo4j-KimMoller,https://github.com/Neo4j-KimMoller
emyspjuth,https://github.com/emyspjuth
alisasanib,https://github.com/alisasanib
nnecla,https://github.com/nnecla
dan-jmc,https://github.com/dan-jmc
itomtom,https://github.com/itomtom
fabianfrankel-byte,https://github.com/fabianfrankel-byte
henrik-gildeus-neo,https://github.com/henrik-gildeus-neo
eijawerner,https://github.com/eijawerner
JoePaul,https://github.com/JoePaul
yasinzaehringer-neo4j,https://github.com/yasinzaehringer-neo4j
kinday,https://github.com/kinday
DenisLukichev,https://github.com/DenisLukichev
noahmay,https://github.com/noahmay
paven,https://github.com/paven
daveajrussell,https://github.com/daveajrussell
AndreNeo4j,https://github.com/AndreNeo4j
jehellqvist,https://github.com/jehellqvist
FilipLeonard,https://github.com/FilipLeonard
haxxmaxx,https://github.com/haxxmaxx
linuslundahl,https://github.com/linuslundahl
ronny-n4j,https://github.com/ronny-n4j
toni-neo4j,https://github.com/toni-neo4j
BregenzerK,https://github.com/BregenzerK
anu294,https://github.com/anu294
darrellwarde,https://github.com/darrellwarde
zee-hoang-neo4j,https://github.com/zee-hoang-neo4j
fidalya,https://github.com/fidalya
jonbesga,https://github.com/jonbesga
mjfwebb,https://github.com/mjfwebb
ckanz,https://github.com/ckanz
GlacialBoy,https://github.com/GlacialBoy
andretente,https://github.com/andretente
millawidell,https://github.com/millawidell
serengil,https://github.com/serengil
SeBBBe,https://github.com/SeBBBe
leila-messallem,https://github.com/leila-messallem
jamesteale,https://github.com/jamesteale
copilot-pull-request-reviewer,https://github.com/copilot-pull-request-reviewer
basickarl,https://github.com/basickarl
kinmat,https://github.com/kinmat
kumarneo4j,https://github.com/kumarneo4j
angrykoala,https://github.com/angrykoala
klirix,https://github.com/klirix
Hanyu-Lin,https://github.com/Hanyu-Lin
joachim-neo4j,https://github.com/joachim-neo4j
pontusnyman,https://github.com/pontusnyman
zubair-davids01,https://github.com/zubair-davids01
DavidJsson,https://github.com/DavidJsson
l-heemann,https://github.com/l-heemann
mattmodarres,https://github.com/mattmodarres
renovate,https://github.com/renovate
renovate-approve,https://github.com/renovate-approve
eve-bright,https://github.com/eve-bright
jithinzac,https://github.com/jithinzac
zmfarooqui,https://github.com/zmfarooqui
glevanov,https://github.com/glevanov
jacobsall,https://github.com/jacobsall
OskarDamkjaer,https://github.com/OskarDamkjaer
nord-erik,https://github.com/nord-erik
cursor,https://github.com/cursor
rexgreenway,https://github.com/rexgreenway
KingJohanna,https://github.com/KingJohanna
neo4j-browser-bot,https://github.com/neo4j-browser-bot
meistermeier,https://github.com/meistermeier
ravikiran-sulikeri,https://github.com/ravikiran-sulikeri
mgazanayi,https://github.com/mgazanayi
digli,https://github.com/digli
IvanPrychantovskyi,https://github.com/IvanPrychantovskyi
anderson4j,https://github.com/anderson4j
JakobEdvardsson,https://github.com/JakobEdvardsson
sampsonbryce,https://github.com/sampsonbryce
cachemoi,https://github.com/cachemoi
luffy1727,https://github.com/luffy1727
Liam-Doodson,https://github.com/Liam-Doodson
tamermoustafa-neo,https://github.com/tamermoustafa-neo
stellasia,https://github.com/stellasia
xiaojieyang,https://github.com/xiaojieyang
SWictorin,https://github.com/SWictorin
RafalSkolasinski,https://github.com/RafalSkolasinski
SaschaPeukert,https://github.com/SaschaPeukert
alexnb,https://github.com/alexnb
matteomedioli,https://github.com/matteomedioli
emmaagh,https://github.com/emmaagh
FlorentinD,https://github.com/FlorentinD
dmayo3,https://github.com/dmayo3
catherine4331,https://github.com/catherine4331
rajadwarampudi,https://github.com/rajadwarampudi
basturzoiu,https://github.com/basturzoiu
nglgzz,https://github.com/nglgzz
zen-dog,https://github.com/zen-dog
nielsdejong,https://github.com/nielsdejong
oskarhane,https://github.com/oskarhane
semgrep-code-neo4j,https://github.com/semgrep-code-neo4j
sina-al,https://github.com/sina-al
gem-neo4j,https://github.com/gem-neo4j
Mats-SX,https://github.com/Mats-SX
irene221b,https://github.com/irene221b
soerenreichardt,https://github.com/soerenreichardt
JohanRodhe,https://github.com/JohanRodhe
Emrehzl94,https://github.com/Emrehzl94
m4rCsi,https://github.com/m4rCsi
MahesGuru07,https://github.com/MahesGuru07
bronzelion,https://github.com/bronzelion
copilot-swe-agent,https://github.com/copilot-swe-agent
alexthomas93,https://github.com/alexthomas93
DarthMax,https://github.com/DarthMax
irfannuri,https://github.com/irfannuri
AlexanderIvakin,https://github.com/AlexanderIvakin
AlexicaWright,https://github.com/AlexicaWright
keremgocen,https://github.com/keremgocen
angeliquekom,https://github.com/angeliquekom
danielruminski,https://github.com/danielruminski
ncordon,https://github.com/ncordon
jenquach,https://github.com/jenquach
rsill-neo4j,https://github.com/rsill-neo4j
simonthuresson,https://github.com/simonthuresson
tomasnyberg,https://github.com/tomasnyberg
neo-tobias,https://github.com/neo-tobias
jesperhansen17,https://github.com/jesperhansen17
davidjosefson-neo4j,https://github.com/davidjosefson-neo4j
nismotie,https://github.com/nismotie
neo4j-cloud-build,https://github.com/neo4j-cloud-build
github-actions,https://github.com/github-actions
hennersz,https://github.com/hennersz
alionski,https://github.com/alionski
GuangxueCao,https://github.com/GuangxueCao
MrFireman,https://github.com/MrFireman
benkoo22,https://github.com/benkoo22
fishmoose,https://github.com/fishmoose
Bondza,https://github.com/Bondza
DanGooding,https://github.com/DanGooding
Beamister,https://github.com/Beamister
dcarias,https://github.com/dcarias
afharvey,https://github.com/afharvey
jtrein,https://github.com/jtrein
HarleyB123,https://github.com/HarleyB123
oenglund,https://github.com/oenglund
leosunmo,https://github.com/leosunmo
siddhurk07,https://github.com/siddhurk07
mikone117,https://github.com/mikone117
sandhyaakula-pr,https://github.com/sandhyaakula-pr
venikkin,https://github.com/venikkin
ali-sedaghatbaf,https://github.com/ali-sedaghatbaf
adamnsch,https://github.com/adamnsch
JimmyMaksymiw,https://github.com/JimmyMaksymiw
ojhughes,https://github.com/ojhughes
triabokon,https://github.com/triabokon
saeedthmsb,https://github.com/saeedthmsb
jesperforsberg,https://github.com/jesperforsberg
kg-builder-app,https://github.com/kg-builder-app
jonnylaw,https://github.com/jonnylaw
parnmatt,https://github.com/parnmatt
ethan605,https://github.com/ethan605
Lullebullelukas,https://github.com/Lullebullelukas
emilymianeil,https://github.com/emilymianeil
MattiasPernhult,https://github.com/MattiasPernhult
vtaskow,https://github.com/vtaskow
p-at-neo4j,https://github.com/p-at-neo4j
yirensum,https://github.com/yirensum
emmaholmbergohlsson,https://github.com/emmaholmbergohlsson
MishaDemianenko,https://github.com/MishaDemianenko
NathalieCharbel,https://github.com/NathalieCharbel
tonbut,https://github.com/tonbut
k-likhomanov,https://github.com/k-likhomanov
riggi-alekaj,https://github.com/riggi-alekaj
fbiville,https://github.com/fbiville
ChrisColdwell,https://github.com/ChrisColdwell
jennyowen,https://github.com/jennyowen
droberts195,https://github.com/droberts195
michael-simons,https://github.com/michael-simons
GregHib,https://github.com/GregHib
oknowles,https://github.com/oknowles
tomob,https://github.com/tomob
nick-giles-neo,https://github.com/nick-giles-neo
kieron-dev,https://github.com/kieron-dev
msh100,https://github.com/msh100
adam-orosz,https://github.com/adam-orosz
sdowsland,https://github.com/sdowsland
brunobuss,https://github.com/brunobuss
Nedeljko-Cvejic,https://github.com/Nedeljko-Cvejic
mp-neo4j,https://github.com/mp-neo4j
arian-atefi,https://github.com/arian-atefi
ragadeeshu,https://github.com/ragadeeshu
DimitrisLarisis,https://github.com/DimitrisLarisis
bfeshti,https://github.com/bfeshti
AmirLayegh,https://github.com/AmirLayegh
hugofirth,https://github.com/hugofirth
ops-manager-bot,https://github.com/ops-manager-bot
thelonelyvulpes,https://github.com/thelonelyvulpes
tyhal,https://github.com/tyhal
jedops,https://github.com/jedops
stefanhagman,https://github.com/stefanhagman
MacondoExpress,https://github.com/MacondoExpress
camuzard,https://github.com/camuzard
rhysemmas,https://github.com/rhysemmas
triha74,https://github.com/triha74
joelsigurd,https://github.com/joelsigurd
RightLeg,https://github.com/RightLeg
RagnarW,https://github.com/RagnarW
sergii4,https://github.com/sergii4
ericsporre,https://github.com/ericsporre
zimmre,https://github.com/zimmre
pe4cey,https://github.com/pe4cey
breakanalysis,https://github.com/breakanalysis
dhrudevalia,https://github.com/dhrudevalia
ali-ince,https://github.com/ali-ince
Kensze,https://github.com/Kensze
joddbjoern,https://github.com/joddbjoern
pierremartignon,https://github.com/pierremartignon
Mozhgan-Talebpour,https://github.com/Mozhgan-Talebpour
tomasger,https://github.com/tomasger
AnnaSjerling,https://github.com/AnnaSjerling
semgrep-code-neo-technology,https://github.com/semgrep-code-neo-technology
jackwaudby,https://github.com/jackwaudby
bigmontz,https://github.com/bigmontz
Lojjs,https://github.com/Lojjs
jexp,https://github.com/jexp
loveleif,https://github.com/loveleif
simlind,https://github.com/simlind
mgozsoy-neo4j,https://github.com/mgozsoy-neo4j
LackOfMorals,https://github.com/LackOfMorals
klaren,https://github.com/klaren
emanuelneo,https://github.com/emanuelneo
jonny4j,https://github.com/jonny4j
Roxling,https://github.com/Roxling
s-ilyas,https://github.com/s-ilyas
mnd999,https://github.com/mnd999
phil198,https://github.com/phil198
gjmwoods,https://github.com/gjmwoods
klausmueller-neo4j,https://github.com/klausmueller-neo4j
a-alle,https://github.com/a-alle
victorneo4j,https://github.com/victorneo4j
important-security-account,https://github.com/important-security-account
pontusmelke,https://github.com/pontusmelke
gfx54b,https://github.com/gfx54b
mnssn,https://github.com/mnssn
JoakimBulow,https://github.com/JoakimBulow
docrozza,https://github.com/docrozza
manel-bc,https://github.com/manel-bc
mnesbit,https://github.com/mnesbit
akarasavov,https://github.com/akarasavov
henriknyman,https://github.com/henriknyman
aikido-autofix,https://github.com/aikido-autofix
willtai,https://github.com/willtai
smfritzii,https://github.com/smfritzii
tobias-johansson,https://github.com/tobias-johansson
Dunfluff,https://github.com/Dunfluff
WilcoNeo,https://github.com/WilcoNeo
amine-neo4j,https://github.com/amine-neo4j
rthennan,https://github.com/rthennan
fabiim,https://github.com/fabiim
glindroth,https://github.com/glindroth
stefgia,https://github.com/stefgia
pecollet,https://github.com/pecollet
htsedebenham,https://github.com/htsedebenham
JonasHolgersson,https://github.com/JonasHolgersson
nester-neo4j,https://github.com/nester-neo4j
shaikhu,https://github.com/shaikhu
inmost-light,https://github.com/inmost-light
fastlag,https://github.com/fastlag
alexfoxgill,https://github.com/alexfoxgill
EmelieBondesson,https://github.com/EmelieBondesson
arnefischereit,https://github.com/arnefischereit
eebus,https://github.com/eebus
JoelBergstrand,https://github.com/JoelBergstrand
nadja-muller,https://github.com/nadja-muller
ConorNeo,https://github.com/ConorNeo
tinwelint,https://github.com/tinwelint
jamthief,https://github.com/jamthief
kcrimson,https://github.com/kcrimson
PetrJanouch,https://github.com/PetrJanouch
tselmegbaasan,https://github.com/tselmegbaasan
HannesSandberg,https://github.com/HannesSandberg
renetapopova,https://github.com/renetapopova
LinneaAndersson,https://github.com/LinneaAndersson
sherfert,https://github.com/sherfert
blouerat,https://github.com/blouerat
neo-walker,https://github.com/neo-walker
neo-harshg,https://github.com/neo-harshg
Hunterness,https://github.com/Hunterness
rtulip-neo,https://github.com/rtulip-neo
injectives,https://github.com/injectives
MaxAake,https://github.com/MaxAake
NataliaIvakina,https://github.com/NataliaIvakina
OliviaYtterbrink,https://github.com/OliviaYtterbrink
alexaverbuch,https://github.com/alexaverbuch
michaljonko,https://github.com/michaljonko
hvub,https://github.com/hvub
SachinVasant,https://github.com/SachinVasant
a-farrukh,https://github.com/a-farrukh
msulima,https://github.com/msulima
alanpaxton-neo4j,https://github.com/alanpaxton-neo4j
dogofbrian,https://github.com/dogofbrian
dotStart,https://github.com/dotStart
jonatansvahn,https://github.com/jonatansvahn
evelinadanielsson,https://github.com/evelinadanielsson
trettiofem,https://github.com/trettiofem
marcelocmds,https://github.com/marcelocmds
omar952,https://github.com/omar952
osmanis,https://github.com/osmanis
vnickolov,https://github.com/vnickolov
knutwalker,https://github.com/knutwalker
stefano-ottolenghi,https://github.com/stefano-ottolenghi
vkz,https://github.com/vkz
robsdedude,https://github.com/robsdedude
AndyHeap-NeoTech,https://github.com/AndyHeap-NeoTech
Frannie-Ludmilla,https://github.com/Frannie-Ludmilla
Macludde,https://github.com/Macludde
mauvo,https://github.com/mauvo
sihingkk,https://github.com/sihingkk
RichardIrons-neo4j,https://github.com/RichardIrons-neo4j
StephenCathcart,https://github.com/StephenCathcart
kirill-stepanishin,https://github.com/kirill-stepanishin
github-advanced-security,https://github.com/github-advanced-security
dependabot,https://github.com/dependabot
gregoryking,https://github.com/gregoryking
fiquick,https://github.com/fiquick
lidiazuin,https://github.com/lidiazuin
recrwplay,https://github.com/recrwplay
JPryce-Aklundh,https://github.com/JPryce-Aklundh
MarkWoulfeNeo4j,https://github.com/MarkWoulfeNeo4j
ikwattro,https://github.com/ikwattro
martinohanlon,https://github.com/martinohanlon
jakobhok-neo4j,https://github.com/jakobhok-neo4j
nvitucci,https://github.com/nvitucci
IoannisPanagiotas,https://github.com/IoannisPanagiotas
lassewesth,https://github.com/lassewesth
AlfredClemedtson,https://github.com/AlfredClemedtson
brs96,https://github.com/brs96
s1ck,https://github.com/s1ck
jjaderberg,https://github.com/jjaderberg
GemmaLamont,https://github.com/GemmaLamont
neo4j-team-graphql,https://github.com/neo4j-team-graphql
shuvajyotikar13,https://github.com/shuvajyotikar13
shashivj,https://github.com/shashivj
Andy2003,https://github.com/Andy2003
retroryan,https://github.com/retroryan
aperepel,https://github.com/aperepel
ThomasClaessens,https://github.com/ThomasClaessens
nicknezis,https://github.com/nicknezis
jkvdmeulen,https://github.com/jkvdmeulen
ThomasvZundert,https://github.com/ThomasvZundert
christopher-wheatley-telos,https://github.com/christopher-wheatley-telos
XileonXL,https://github.com/XileonXL
corang,https://github.com/corang
kbielenberg,https://github.com/kbielenberg
